"","Phylum","Class","Order","Family","Species","C.value","GS_Species","Bp"
"834","Arthropoda","Insecta","Diptera","Anthomyiidae","Delia antiqua",0.73,"Delia antiqua",713940000
"835","Arthropoda","Insecta","Diptera","Calliphoridae","Calliphora erythrocephala",0.65,"Calliphora erythrocephala",635700000
"836","Arthropoda","Insecta","Diptera","Calliphoridae","Calliphora vicina",0.76,"Calliphora vicina",743280000
"837","Arthropoda","Insecta","Diptera","Calliphoridae","Chrysomya albiceps",0.72,"Chrysomya albiceps",704160000
"838","Arthropoda","Insecta","Diptera","Calliphoridae","Chrysomya marginalis",0.82,"Chrysomya marginalis",801960000
"839","Arthropoda","Insecta","Diptera","Calliphoridae","Chrysomya megacephala",0.67,"Chrysomya megacephala",655260000
"840","Arthropoda","Insecta","Diptera","Calliphoridae","Chrysomya megacephala",0.85,"Chrysomya megacephala",831300000
"841","Arthropoda","Insecta","Diptera","Calliphoridae","Chrysomya phaonis",0.99,"Chrysomya phaonis",968220000
"842","Arthropoda","Insecta","Diptera","Calliphoridae","Chrysomya pinguis",1.16,"Chrysomya pinguis",1134480000
"843","Arthropoda","Insecta","Diptera","Calliphoridae","Chrysomya putoria",0.91,"Chrysomya putoria",889980000
"844","Arthropoda","Insecta","Diptera","Calliphoridae","Chrysomya rufifacies",0.44,"Chrysomya rufifacies",430320000
"845","Arthropoda","Insecta","Diptera","Calliphoridae","Chrysomya rufifacies",0.57,"Chrysomya rufifacies",557460000
"846","Arthropoda","Insecta","Diptera","Calliphoridae","Chrysomya saffranea",0.87,"Chrysomya saffranea",850860000
"847","Arthropoda","Insecta","Diptera","Calliphoridae","Chrysomya varipes",0.52,"Chrysomya varipes",508560000
"848","Arthropoda","Insecta","Diptera","Calliphoridae","Cochliomyia hominivorax",0.45,"Cochliomyia hominivorax",440100000
"849","Arthropoda","Insecta","Diptera","Calliphoridae","Cochliomyia macellaria",0.54,"Cochliomyia macellaria",528120000
"850","Arthropoda","Insecta","Diptera","Calliphoridae","Cynomya cadaverina",0.64,"Cynomya cadaverina",625920000
"851","Arthropoda","Insecta","Diptera","Calliphoridae","Lucilia cuprina",0.63,"Lucilia cuprina",616140000
"852","Arthropoda","Insecta","Diptera","Calliphoridae","Lucilia cuprina",0.81,"Lucilia cuprina",792180000
"853","Arthropoda","Insecta","Diptera","Calliphoridae","Lucilia sericata",0.69,"Lucilia sericata",674820000
"854","Arthropoda","Insecta","Diptera","Calliphoridae","Lucilia sericata",0.93,"Lucilia sericata",909540000
"855","Arthropoda","Insecta","Diptera","Calliphoridae","Phormia regina",0.54,"Phormia regina",528120000
"856","Arthropoda","Insecta","Diptera","Calliphoridae","Protophormia terraenovae",0.78,"Protophormia terraenovae",762840000
"857","Arthropoda","Insecta","Diptera","Calliphoridae","Protophormia terranovae",1.14,"Protophormia terranovae",1114920000
"858","Arthropoda","Insecta","Diptera","Cecidomyiidae","Mayetiola destructor",0.09,"Mayetiola destructor",88020000
"859","Arthropoda","Insecta","Diptera","Cecidomyiidae","Mayetiola destructor",0.12,"Mayetiola destructor",117360000
"860","Arthropoda","Insecta","Diptera","Cecidomyiidae","Mayetiola destructor",0.16,"Mayetiola destructor",156480000
"861","Arthropoda","Insecta","Diptera","Chaoboridae","Chaoborus americanus",0.4,"Chaoborus americanus",391200000
"862","Arthropoda","Insecta","Diptera","Chaoboridae","Corethrella brakeleyi",0.47,"Corethrella brakeleyi",459660000
"863","Arthropoda","Insecta","Diptera","Chaoboridae","Mochlonyx velutinus",0.55,"Mochlonyx velutinus",537900000
"864","Arthropoda","Insecta","Diptera","Chironomidae","Ablabesmyia monilis",0.16,"Ablabesmyia monilis",156480000
"865","Arthropoda","Insecta","Diptera","Chironomidae","Chironomus acerbiphilus",0.17,"Chironomus acerbiphilus",166260000
"866","Arthropoda","Insecta","Diptera","Chironomidae","Chironomus fusciceps",0.16,"Chironomus fusciceps",156480000
"867","Arthropoda","Insecta","Diptera","Chironomidae","Chironomus nippodorsalis",0.12,"Chironomus nippodorsalis",117360000
"868","Arthropoda","Insecta","Diptera","Chironomidae","Chironomus plumosus",0.15,"Chironomus plumosus",146700000
"869","Arthropoda","Insecta","Diptera","Chironomidae","Chironomus riparius",0.2,"Chironomus riparius",195600000
"870","Arthropoda","Insecta","Diptera","Chironomidae","Chironomus riparius",0.2,"Chironomus riparius",195600000
"871","Arthropoda","Insecta","Diptera","Chironomidae","Chironomus salinarius",0.16,"Chironomus salinarius",156480000
"872","Arthropoda","Insecta","Diptera","Chironomidae","Chironomus sulfurosus",0.15,"Chironomus sulfurosus",146700000
"873","Arthropoda","Insecta","Diptera","Chironomidae","Chironomus tentans",0.21,"Chironomus tentans",205380000
"874","Arthropoda","Insecta","Diptera","Chironomidae","Chironomus tentans",0.22,"Chironomus tentans",215160000
"875","Arthropoda","Insecta","Diptera","Chironomidae","Chironomus tentans",0.25,"Chironomus tentans",244500000
"876","Arthropoda","Insecta","Diptera","Chironomidae","Clunio tsushimensis",0.07,"Clunio tsushimensis",68460000
"877","Arthropoda","Insecta","Diptera","Chironomidae","Cricotopus bicinctus",0.1,"Cricotopus bicinctus",97800000
"878","Arthropoda","Insecta","Diptera","Chironomidae","Cricotopus sp.",0.15,"Cricotopus sp.",146700000
"879","Arthropoda","Insecta","Diptera","Chironomidae","Cricotopus sylvestris",0.11,"Cricotopus sylvestris",107580000
"880","Arthropoda","Insecta","Diptera","Chironomidae","Diamesa japonica",0.08,"Diamesa japonica",78240000
"881","Arthropoda","Insecta","Diptera","Chironomidae","Dicrotendipes pelochloris",0.12,"Dicrotendipes pelochloris",117360000
"882","Arthropoda","Insecta","Diptera","Chironomidae","Glyptotendipes tokunagai",0.16,"Glyptotendipes tokunagai",156480000
"883","Arthropoda","Insecta","Diptera","Chironomidae","Hydrobaenus tsukubalatus",0.08,"Hydrobaenus tsukubalatus",78240000
"884","Arthropoda","Insecta","Diptera","Chironomidae","Paraborniella tonnoiri",0.2,"Paraborniella tonnoiri",195600000
"885","Arthropoda","Insecta","Diptera","Chironomidae","Paratanytarsus grimmii",0.1,"Paratanytarsus grimmii",97800000
"886","Arthropoda","Insecta","Diptera","Chironomidae","Polypedilum nubifer",0.1,"Polypedilum nubifer",97800000
"887","Arthropoda","Insecta","Diptera","Chironomidae","Polypedilum tamanigrum",0.11,"Polypedilum tamanigrum",107580000
"888","Arthropoda","Insecta","Diptera","Chironomidae","Polypedilum vanderplanki",0.1,"Polypedilum vanderplanki",97800000
"889","Arthropoda","Insecta","Diptera","Chironomidae","Prodiamesa olivacea",0.13,"Prodiamesa olivacea",127140000
"890","Arthropoda","Insecta","Diptera","Chironomidae","Prodiamesa olivacea",0.13,"Prodiamesa olivacea",127140000
"891","Arthropoda","Insecta","Diptera","Chironomidae","Sergentia kizakiensis",0.1,"Sergentia kizakiensis",97800000
"892","Arthropoda","Insecta","Diptera","Chironomidae","Stictochironomus akizukii",0.13,"Stictochironomus akizukii",127140000
"893","Arthropoda","Insecta","Diptera","Chironomidae","Tanypus punctipennis",0.16,"Tanypus punctipennis",156480000
"894","Arthropoda","Insecta","Diptera","Chironomidae","Tanytarsus takahashii",0.09,"Tanytarsus takahashii",88020000
"895","Arthropoda","Insecta","Diptera","Chironomidae","Telmatogeton japonicus",0.13,"Telmatogeton japonicus",127140000
"896","Arthropoda","Insecta","Diptera","Culicidae","Aedes aegypti",0.81,"Aedes aegypti",792180000
"897","Arthropoda","Insecta","Diptera","Culicidae","Aedes aegypti",0.83,"Aedes aegypti",811740000
"898","Arthropoda","Insecta","Diptera","Culicidae","Aedes aegypti",1.25,"Aedes aegypti",1222500000
"899","Arthropoda","Insecta","Diptera","Culicidae","Aedes alcasidi",0.97,"Aedes alcasidi",948660000
"900","Arthropoda","Insecta","Diptera","Culicidae","Aedes bahamensis",1.38,"Aedes bahamensis",1349640000
"901","Arthropoda","Insecta","Diptera","Culicidae","Aedes canadensis",0.9,"Aedes canadensis",880200000
"902","Arthropoda","Insecta","Diptera","Culicidae","Aedes caspius",0.99,"Aedes caspius",968220000
"903","Arthropoda","Insecta","Diptera","Culicidae","Aedes cinereus",1.21,"Aedes cinereus",1183380000
"904","Arthropoda","Insecta","Diptera","Culicidae","Aedes communis",1.01,"Aedes communis",987780000
"905","Arthropoda","Insecta","Diptera","Culicidae","Aedes cooki",0.59,"Aedes cooki",577020000
"906","Arthropoda","Insecta","Diptera","Culicidae","Aedes excrucianus",1.5,"Aedes excrucianus",1.467e+09
"907","Arthropoda","Insecta","Diptera","Culicidae","Aedes flavopictus",1.33,"Aedes flavopictus",1300740000
"908","Arthropoda","Insecta","Diptera","Culicidae","Aedes hebrideus",0.97,"Aedes hebrideus",948660000
"909","Arthropoda","Insecta","Diptera","Culicidae","Aedes heischii",1.12,"Aedes heischii",1095360000
"910","Arthropoda","Insecta","Diptera","Culicidae","Aedes katherinensis",1.28,"Aedes katherinensis",1251840000
"911","Arthropoda","Insecta","Diptera","Culicidae","Aedes malayensis",0.94,"Aedes malayensis",919320000
"912","Arthropoda","Insecta","Diptera","Culicidae","Aedes metallicus",1.09,"Aedes metallicus",1066020000
"913","Arthropoda","Insecta","Diptera","Culicidae","Aedes polynesiensis",0.73,"Aedes polynesiensis",713940000
"914","Arthropoda","Insecta","Diptera","Culicidae","Aedes pseudoalbopictus",1.29,"Aedes pseudoalbopictus",1261620000
"915","Arthropoda","Insecta","Diptera","Culicidae","Aedes pseudoscutellaris",0.59,"Aedes pseudoscutellaris",577020000
"916","Arthropoda","Insecta","Diptera","Culicidae","Aedes seatoi",0.97,"Aedes seatoi",948660000
"917","Arthropoda","Insecta","Diptera","Culicidae","Aedes stimulans",1.44,"Aedes stimulans",1408320000
"918","Arthropoda","Insecta","Diptera","Culicidae","Aedes triseriatus",1.52,"Aedes triseriatus",1486560000
"919","Arthropoda","Insecta","Diptera","Culicidae","Aedes triseriatus",1.52,"Aedes triseriatus",1486560000
"920","Arthropoda","Insecta","Diptera","Culicidae","Aedes unilineatus",1.06,"Aedes unilineatus",1036680000
"921","Arthropoda","Insecta","Diptera","Culicidae","Aedes zoosophus",1.9,"Aedes zoosophus",1858200000
"922","Arthropoda","Insecta","Diptera","Culicidae","Anopheles atroparvus",0.24,"Anopheles atroparvus",234720000
"923","Arthropoda","Insecta","Diptera","Culicidae","Anopheles freeborni",0.29,"Anopheles freeborni",283620000
"924","Arthropoda","Insecta","Diptera","Culicidae","Anopheles gambiae",0.27,"Anopheles gambiae",264060000
"925","Arthropoda","Insecta","Diptera","Culicidae","Anopheles labranchiae",0.23,"Anopheles labranchiae",224940000
"926","Arthropoda","Insecta","Diptera","Culicidae","Anopheles quadrimaculatus",0.24,"Anopheles quadrimaculatus",234720000
"927","Arthropoda","Insecta","Diptera","Culicidae","Anopheles quadrimaculatus",0.25,"Anopheles quadrimaculatus",244500000
"928","Arthropoda","Insecta","Diptera","Culicidae","Anopheles stephensi",0.24,"Anopheles stephensi",234720000
"929","Arthropoda","Insecta","Diptera","Culicidae","Armigeres subalbanus",1.12,"Armigeres subalbanus",1095360000
"930","Arthropoda","Insecta","Diptera","Culicidae","Culex pipiens",0.54,"Culex pipiens",528120000
"931","Arthropoda","Insecta","Diptera","Culicidae","Culex pipiens",0.54,"Culex pipiens",528120000
"932","Arthropoda","Insecta","Diptera","Culicidae","Culex pipiens",1.02,"Culex pipiens",997560000
"933","Arthropoda","Insecta","Diptera","Culicidae","Culex quinquefasciatus",0.54,"Culex quinquefasciatus",528120000
"934","Arthropoda","Insecta","Diptera","Culicidae","Culex restuans",1.02,"Culex restuans",997560000
"935","Arthropoda","Insecta","Diptera","Culicidae","Culiseta litorea",0.92,"Culiseta litorea",899760000
"936","Arthropoda","Insecta","Diptera","Culicidae","Culiseta melanura",1.25,"Culiseta melanura",1222500000
"937","Arthropoda","Insecta","Diptera","Culicidae","Culiseta moristans",1.21,"Culiseta moristans",1183380000
"938","Arthropoda","Insecta","Diptera","Culicidae","Haemagogus equinus",1.12,"Haemagogus equinus",1095360000
"939","Arthropoda","Insecta","Diptera","Culicidae","Sabethes cyaneus",0.79,"Sabethes cyaneus",772620000
"940","Arthropoda","Insecta","Diptera","Culicidae","Toxorhynchites splendens",0.62,"Toxorhynchites splendens",606360000
"941","Arthropoda","Insecta","Diptera","Culicidae","Wyeomyia smithii",0.86,"Wyeomyia smithii",841080000
"942","Arthropoda","Insecta","Diptera","Dixidae","Dixa obscura",0.16,"Dixa obscura",156480000
"943","Arthropoda","Insecta","Diptera","Drosophilidae","Chymomyza amoena",0.4,"Chymomyza amoena",391200000
"944","Arthropoda","Insecta","Diptera","Drosophilidae","Chymomyza amoena",384.8,"Chymomyza amoena",384800000
"945","Arthropoda","Insecta","Diptera","Drosophilidae","Chymomyza amoena",395.2,"Chymomyza amoena",395200000
"946","Arthropoda","Insecta","Diptera","Drosophilidae","Chymomyza pararufithorax",0.27,"Chymomyza pararufithorax",264060000
"947","Arthropoda","Insecta","Diptera","Drosophilidae","Chymomyza pararufithorax",0.29,"Chymomyza pararufithorax",283620000
"948","Arthropoda","Insecta","Diptera","Drosophilidae","Chymomyza procnemis",0.27,"Chymomyza procnemis",264060000
"949","Arthropoda","Insecta","Diptera","Drosophilidae","Chymomyza procnemis",0.33,"Chymomyza procnemis",322740000
"950","Arthropoda","Insecta","Diptera","Drosophilidae","Chymomyza procnemis",262.4,"Chymomyza procnemis",262400000
"951","Arthropoda","Insecta","Diptera","Drosophilidae","Chymomyza procnemis",298.2,"Chymomyza procnemis",298200000
"952","Arthropoda","Insecta","Diptera","Drosophilidae","Chymomyza rufithorax",0.3,"Chymomyza rufithorax",293400000
"953","Arthropoda","Insecta","Diptera","Drosophilidae","Drosophila acanthoptera",145.6,"Drosophila acanthoptera",145600000
"954","Arthropoda","Insecta","Diptera","Drosophilidae","Drosophila acanthoptera",155.8,"Drosophila acanthoptera",155800000
"955","Arthropoda","Insecta","Diptera","Drosophilidae","Drosophila acutilabella",0.18,"Drosophila acutilabella",176040000
"956","Arthropoda","Insecta","Diptera","Drosophilidae","Drosophila adunca",0.3,"Drosophila adunca",293400000
"957","Arthropoda","Insecta","Diptera","Drosophilidae","Drosophila affinis",0.19,"Drosophila affinis",185820000
"958","Arthropoda","Insecta","Diptera","Drosophilidae","Drosophila affinis",0.22,"Drosophila affinis",215160000
"959","Arthropoda","Insecta","Diptera","Drosophilidae","Drosophila affinis",184.8,"Drosophila affinis",184800000
"960","Arthropoda","Insecta","Diptera","Drosophilidae","Drosophila affinis",208.1,"Drosophila affinis",208100000
"961","Arthropoda","Insecta","Diptera","Drosophilidae","Drosophila albomicans",215.9,"Drosophila albomicans",215900000
"962","Arthropoda","Insecta","Diptera","Drosophilidae","Drosophila albomicans",220.6,"Drosophila albomicans",220600000
"963","Arthropoda","Insecta","Diptera","Drosophilidae","Drosophila algonquin",0.22,"Drosophila algonquin",215160000
"964","Arthropoda","Insecta","Diptera","Drosophilidae","Drosophila algonquin",0.23,"Drosophila algonquin",224940000
"965","Arthropoda","Insecta","Diptera","Drosophilidae","Drosophila algonquin",194.2,"Drosophila algonquin",194200000
"966","Arthropoda","Insecta","Diptera","Drosophilidae","Drosophila algonquin",205.2,"Drosophila algonquin",205200000
"967","Arthropoda","Insecta","Diptera","Drosophilidae","Drosophila ambigua",0.18,"Drosophila ambigua",176040000
"968","Arthropoda","Insecta","Diptera","Drosophilidae","Drosophila ambigua",176.5,"Drosophila ambigua",176500000
"969","Arthropoda","Insecta","Diptera","Drosophilidae","Drosophila ambigua",188.4,"Drosophila ambigua",188400000
"970","Arthropoda","Insecta","Diptera","Drosophilidae","Drosophila americana",0.28,"Drosophila americana",273840000
"971","Arthropoda","Insecta","Diptera","Drosophilidae","Drosophila americana",0.33,"Drosophila americana",322740000
"972","Arthropoda","Insecta","Diptera","Drosophilidae","Drosophila ananassae",0.19,"Drosophila ananassae",185820000
"973","Arthropoda","Insecta","Diptera","Drosophilidae","Drosophila ananassae",0.2,"Drosophila ananassae",195600000
"974","Arthropoda","Insecta","Diptera","Drosophilidae","Drosophila ananassae",0.22,"Drosophila ananassae",215160000
"975","Arthropoda","Insecta","Diptera","Drosophilidae","Drosophila ananassae",198.6,"Drosophila ananassae",198600000
"976","Arthropoda","Insecta","Diptera","Drosophilidae","Drosophila ananassae",205.1,"Drosophila ananassae",205100000
"977","Arthropoda","Insecta","Diptera","Drosophilidae","Drosophila anceps",201.8,"Drosophila anceps",201800000
"978","Arthropoda","Insecta","Diptera","Drosophilidae","Drosophila anceps",207.5,"Drosophila anceps",207500000
"979","Arthropoda","Insecta","Diptera","Drosophilidae","Drosophila arawakana",181.1,"Drosophila arawakana",181100000
"980","Arthropoda","Insecta","Diptera","Drosophilidae","Drosophila arawakana",186.4,"Drosophila arawakana",186400000
"981","Arthropoda","Insecta","Diptera","Drosophilidae","Drosophila arizonae",173.9,"Drosophila arizonae",173900000
"982","Arthropoda","Insecta","Diptera","Drosophilidae","Drosophila arizonae",175.4,"Drosophila arizonae",175400000
"983","Arthropoda","Insecta","Diptera","Drosophilidae","Drosophila atripex",0.2,"Drosophila atripex",195600000
"984","Arthropoda","Insecta","Diptera","Drosophilidae","Drosophila atripex",194.8,"Drosophila atripex",194800000
"985","Arthropoda","Insecta","Diptera","Drosophilidae","Drosophila atripex",198.2,"Drosophila atripex",198200000
"986","Arthropoda","Insecta","Diptera","Drosophilidae","Drosophila auraria",0.25,"Drosophila auraria",244500000
"987","Arthropoda","Insecta","Diptera","Drosophilidae","Drosophila auraria",248.4,"Drosophila auraria",248400000
"988","Arthropoda","Insecta","Diptera","Drosophilidae","Drosophila auraria",254.4,"Drosophila auraria",254400000
"989","Arthropoda","Insecta","Diptera","Drosophilidae","Drosophila azteca",0.2,"Drosophila azteca",195600000
"990","Arthropoda","Insecta","Diptera","Drosophilidae","Drosophila azteca",192.2,"Drosophila azteca",192200000
"991","Arthropoda","Insecta","Diptera","Drosophilidae","Drosophila azteca",202.2,"Drosophila azteca",202200000
"992","Arthropoda","Insecta","Diptera","Drosophilidae","Drosophila baimaii",0.28,"Drosophila baimaii",273840000
"993","Arthropoda","Insecta","Diptera","Drosophilidae","Drosophila baimaii",273.6,"Drosophila baimaii",273600000
"994","Arthropoda","Insecta","Diptera","Drosophilidae","Drosophila baimaii",279.2,"Drosophila baimaii",279200000
"995","Arthropoda","Insecta","Diptera","Drosophilidae","Drosophila barbarae",0.2,"Drosophila barbarae",195600000
"996","Arthropoda","Insecta","Diptera","Drosophilidae","Drosophila barbarae",279.2,"Drosophila barbarae",279200000
"997","Arthropoda","Insecta","Diptera","Drosophilidae","Drosophila barbarae",289.6,"Drosophila barbarae",289600000
"998","Arthropoda","Insecta","Diptera","Drosophilidae","Drosophila biarmipes",0.2,"Drosophila biarmipes",195600000
"999","Arthropoda","Insecta","Diptera","Drosophilidae","Drosophila biauraria",0.23,"Drosophila biauraria",224940000
"1000","Arthropoda","Insecta","Diptera","Drosophilidae","Drosophila biauraria",211.2,"Drosophila biauraria",211200000
"1001","Arthropoda","Insecta","Diptera","Drosophilidae","Drosophila biauraria",237.2,"Drosophila biauraria",237200000
"1002","Arthropoda","Insecta","Diptera","Drosophilidae","Drosophila bicornuta",0.21,"Drosophila bicornuta",205380000
"1003","Arthropoda","Insecta","Diptera","Drosophilidae","Drosophila bicornuta",226.6,"Drosophila bicornuta",226600000
"1004","Arthropoda","Insecta","Diptera","Drosophilidae","Drosophila bicornuta",245,"Drosophila bicornuta",2.45e+08
"1005","Arthropoda","Insecta","Diptera","Drosophilidae","Drosophila bifasciata",0.2,"Drosophila bifasciata",195600000
"1006","Arthropoda","Insecta","Diptera","Drosophilidae","Drosophila bifasciata",196.2,"Drosophila bifasciata",196200000
"1007","Arthropoda","Insecta","Diptera","Drosophilidae","Drosophila bifasciata",210.6,"Drosophila bifasciata",210600000
"1008","Arthropoda","Insecta","Diptera","Drosophilidae","Drosophila bipectinata",0.2,"Drosophila bipectinata",195600000
"1009","Arthropoda","Insecta","Diptera","Drosophilidae","Drosophila bipectinata",208.9,"Drosophila bipectinata",208900000
"1010","Arthropoda","Insecta","Diptera","Drosophilidae","Drosophila bipectinata",213,"Drosophila bipectinata",2.13e+08
"1011","Arthropoda","Insecta","Diptera","Drosophilidae","Drosophila birchii",0.2,"Drosophila birchii",195600000
"1012","Arthropoda","Insecta","Diptera","Drosophilidae","Drosophila birchii",190.4,"Drosophila birchii",190400000
"1013","Arthropoda","Insecta","Diptera","Drosophilidae","Drosophila birchii",191.2,"Drosophila birchii",191200000
"1014","Arthropoda","Insecta","Diptera","Drosophilidae","Drosophila borealis",257.8,"Drosophila borealis",257800000
"1015","Arthropoda","Insecta","Diptera","Drosophilidae","Drosophila borealis",261.5,"Drosophila borealis",261500000
"1016","Arthropoda","Insecta","Diptera","Drosophilidae","Drosophila bromeliae",137.5,"Drosophila bromeliae",137500000
"1017","Arthropoda","Insecta","Diptera","Drosophilidae","Drosophila bromeliae",145.2,"Drosophila bromeliae",145200000
"1018","Arthropoda","Insecta","Diptera","Drosophilidae","Drosophila bunnanda",0.22,"Drosophila bunnanda",215160000
"1019","Arthropoda","Insecta","Diptera","Drosophilidae","Drosophila bunnanda",232.5,"Drosophila bunnanda",232500000
"1020","Arthropoda","Insecta","Diptera","Drosophilidae","Drosophila bunnanda",238.3,"Drosophila bunnanda",238300000
"1021","Arthropoda","Insecta","Diptera","Drosophilidae","Drosophila busckii",0.14,"Drosophila busckii",136920000
"1022","Arthropoda","Insecta","Diptera","Drosophilidae","Drosophila busckii",0.2,"Drosophila busckii",195600000
"1023","Arthropoda","Insecta","Diptera","Drosophilidae","Drosophila busckii",134.7,"Drosophila busckii",134700000
"1024","Arthropoda","Insecta","Diptera","Drosophilidae","Drosophila busckii",136.5,"Drosophila busckii",136500000
"1025","Arthropoda","Insecta","Diptera","Drosophilidae","Drosophila buzzatii",0.13,"Drosophila buzzatii",127140000
"1026","Arthropoda","Insecta","Diptera","Drosophilidae","Drosophila buzzatii",0.18,"Drosophila buzzatii",176040000
"1027","Arthropoda","Insecta","Diptera","Drosophilidae","Drosophila buzzatii",169,"Drosophila buzzatii",1.69e+08
"1028","Arthropoda","Insecta","Diptera","Drosophilidae","Drosophila buzzatii",179.9,"Drosophila buzzatii",179900000
"1029","Arthropoda","Insecta","Diptera","Drosophilidae","Drosophila capricorni",0.22,"Drosophila capricorni",215160000
"1030","Arthropoda","Insecta","Diptera","Drosophilidae","Drosophila capricorni",205.4,"Drosophila capricorni",205400000
"1031","Arthropoda","Insecta","Diptera","Drosophilidae","Drosophila capricorni",211.8,"Drosophila capricorni",211800000
"1032","Arthropoda","Insecta","Diptera","Drosophilidae","Drosophila cardini",212.5,"Drosophila cardini",212500000
"1033","Arthropoda","Insecta","Diptera","Drosophilidae","Drosophila cardini",215.7,"Drosophila cardini",215700000
"1034","Arthropoda","Insecta","Diptera","Drosophilidae","Drosophila cyrtoloma",0.41,"Drosophila cyrtoloma",400980000
"1035","Arthropoda","Insecta","Diptera","Drosophilidae","Drosophila diamphidiopoda",0.21,"Drosophila diamphidiopoda",205380000
"1036","Arthropoda","Insecta","Diptera","Drosophilidae","Drosophila diplacantha",0.23,"Drosophila diplacantha",224940000
"1037","Arthropoda","Insecta","Diptera","Drosophilidae","Drosophila diplacantha",270.4,"Drosophila diplacantha",270400000
"1038","Arthropoda","Insecta","Diptera","Drosophilidae","Drosophila diplacantha",273.2,"Drosophila diplacantha",273200000
"1039","Arthropoda","Insecta","Diptera","Drosophilidae","Drosophila disjuncta",0.18,"Drosophila disjuncta",176040000
"1040","Arthropoda","Insecta","Diptera","Drosophilidae","Drosophila dunni",286.1,"Drosophila dunni",286100000
"1041","Arthropoda","Insecta","Diptera","Drosophilidae","Drosophila dunni",287,"Drosophila dunni",2.87e+08
"1042","Arthropoda","Insecta","Diptera","Drosophilidae","Drosophila elegans",0.2,"Drosophila elegans",195600000
"1043","Arthropoda","Insecta","Diptera","Drosophilidae","Drosophila elegans",217.9,"Drosophila elegans",217900000
"1044","Arthropoda","Insecta","Diptera","Drosophilidae","Drosophila elegans",218.5,"Drosophila elegans",218500000
"1045","Arthropoda","Insecta","Diptera","Drosophilidae","Drosophila emarginata",0.22,"Drosophila emarginata",215160000
"1046","Arthropoda","Insecta","Diptera","Drosophilidae","Drosophila emarginata",211.7,"Drosophila emarginata",211700000
"1047","Arthropoda","Insecta","Diptera","Drosophilidae","Drosophila emarginata",218.4,"Drosophila emarginata",218400000
"1048","Arthropoda","Insecta","Diptera","Drosophilidae","Drosophila engyochracea",0.25,"Drosophila engyochracea",244500000
"1049","Arthropoda","Insecta","Diptera","Drosophilidae","Drosophila eohydei",0.25,"Drosophila eohydei",244500000
"1050","Arthropoda","Insecta","Diptera","Drosophilidae","Drosophila eohydei",218.7,"Drosophila eohydei",218700000
"1051","Arthropoda","Insecta","Diptera","Drosophilidae","Drosophila eohydei",231,"Drosophila eohydei",2.31e+08
"1052","Arthropoda","Insecta","Diptera","Drosophilidae","Drosophila equinoxialis",0.25,"Drosophila equinoxialis",244500000
"1053","Arthropoda","Insecta","Diptera","Drosophilidae","Drosophila equinoxialis",0.31,"Drosophila equinoxialis",303180000
"1054","Arthropoda","Insecta","Diptera","Drosophilidae","Drosophila equinoxialis",264.5,"Drosophila equinoxialis",264500000
"1055","Arthropoda","Insecta","Diptera","Drosophilidae","Drosophila equinoxialis",266.4,"Drosophila equinoxialis",266400000
"1056","Arthropoda","Insecta","Diptera","Drosophilidae","Drosophila ercepeae",0.22,"Drosophila ercepeae",215160000
"1057","Arthropoda","Insecta","Diptera","Drosophilidae","Drosophila ercepeae",221,"Drosophila ercepeae",2.21e+08
"1058","Arthropoda","Insecta","Diptera","Drosophilidae","Drosophila ercepeae",224,"Drosophila ercepeae",2.24e+08
"1059","Arthropoda","Insecta","Diptera","Drosophilidae","Drosophila erecta",0.14,"Drosophila erecta",136920000
"1060","Arthropoda","Insecta","Diptera","Drosophilidae","Drosophila erecta",0.15,"Drosophila erecta",146700000
"1061","Arthropoda","Insecta","Diptera","Drosophilidae","Drosophila erecta",0.16,"Drosophila erecta",156480000
"1062","Arthropoda","Insecta","Diptera","Drosophilidae","Drosophila erecta",184.2,"Drosophila erecta",184200000
"1063","Arthropoda","Insecta","Diptera","Drosophilidae","Drosophila erecta",184.8,"Drosophila erecta",184800000
"1064","Arthropoda","Insecta","Diptera","Drosophilidae","Drosophila eugracilis",0.23,"Drosophila eugracilis",224940000
"1065","Arthropoda","Insecta","Diptera","Drosophilidae","Drosophila eugracilis",237.8,"Drosophila eugracilis",237800000
"1066","Arthropoda","Insecta","Diptera","Drosophilidae","Drosophila eugracilis",237.8,"Drosophila eugracilis",237800000
"1067","Arthropoda","Insecta","Diptera","Drosophilidae","Drosophila euronotus",174.3,"Drosophila euronotus",174300000
"1068","Arthropoda","Insecta","Diptera","Drosophilidae","Drosophila euronotus",176.8,"Drosophila euronotus",176800000
"1069","Arthropoda","Insecta","Diptera","Drosophilidae","Drosophila ezoana",192.9,"Drosophila ezoana",192900000
"1070","Arthropoda","Insecta","Diptera","Drosophilidae","Drosophila ezoana",197.9,"Drosophila ezoana",197900000
"1071","Arthropoda","Insecta","Diptera","Drosophilidae","Drosophila ficusphila",0.19,"Drosophila ficusphila",185820000
"1072","Arthropoda","Insecta","Diptera","Drosophilidae","Drosophila ficusphila",192.8,"Drosophila ficusphila",192800000
"1073","Arthropoda","Insecta","Diptera","Drosophilidae","Drosophila ficusphila",201.8,"Drosophila ficusphila",201800000
"1074","Arthropoda","Insecta","Diptera","Drosophilidae","Drosophila flavomontana",259.3,"Drosophila flavomontana",259300000
"1075","Arthropoda","Insecta","Diptera","Drosophilidae","Drosophila flavomontana",259.5,"Drosophila flavomontana",259500000
"1076","Arthropoda","Insecta","Diptera","Drosophilidae","Drosophila funebris",0.23,"Drosophila funebris",224940000
"1077","Arthropoda","Insecta","Diptera","Drosophilidae","Drosophila funebris",0.34,"Drosophila funebris",332520000
"1078","Arthropoda","Insecta","Diptera","Drosophilidae","Drosophila funebris",219.8,"Drosophila funebris",219800000
"1079","Arthropoda","Insecta","Diptera","Drosophilidae","Drosophila funebris",221.1,"Drosophila funebris",221100000
"1080","Arthropoda","Insecta","Diptera","Drosophilidae","Drosophila fuyamai",0.27,"Drosophila fuyamai",264060000
"1081","Arthropoda","Insecta","Diptera","Drosophilidae","Drosophila fuyamai",262.5,"Drosophila fuyamai",262500000
"1082","Arthropoda","Insecta","Diptera","Drosophilidae","Drosophila fuyamai",266.3,"Drosophila fuyamai",266300000
"1083","Arthropoda","Insecta","Diptera","Drosophilidae","Drosophila greeni",0.2,"Drosophila greeni",195600000
"1084","Arthropoda","Insecta","Diptera","Drosophilidae","Drosophila greeni",236.7,"Drosophila greeni",236700000
"1085","Arthropoda","Insecta","Diptera","Drosophilidae","Drosophila greeni",244.1,"Drosophila greeni",244100000
"1086","Arthropoda","Insecta","Diptera","Drosophilidae","Drosophila grimshawi",0.24,"Drosophila grimshawi",234720000
"1087","Arthropoda","Insecta","Diptera","Drosophilidae","Drosophila grimshawi",0.25,"Drosophila grimshawi",244500000
"1088","Arthropoda","Insecta","Diptera","Drosophilidae","Drosophila grimshawi",0.25,"Drosophila grimshawi",244500000
"1089","Arthropoda","Insecta","Diptera","Drosophilidae","Drosophila guttifera",0.16,"Drosophila guttifera",156480000
"1090","Arthropoda","Insecta","Diptera","Drosophilidae","Drosophila guttifera",173.2,"Drosophila guttifera",173200000
"1091","Arthropoda","Insecta","Diptera","Drosophilidae","Drosophila guttifera",186.3,"Drosophila guttifera",186300000
"1092","Arthropoda","Insecta","Diptera","Drosophilidae","Drosophila hawaiiensis",0.26,"Drosophila hawaiiensis",254280000
"1093","Arthropoda","Insecta","Diptera","Drosophilidae","Drosophila heteroneura",0.21,"Drosophila heteroneura",205380000
"1094","Arthropoda","Insecta","Diptera","Drosophilidae","Drosophila hydei",0.17,"Drosophila hydei",166260000
"1095","Arthropoda","Insecta","Diptera","Drosophilidae","Drosophila hydei",0.2,"Drosophila hydei",195600000
"1096","Arthropoda","Insecta","Diptera","Drosophilidae","Drosophila hydei",0.2,"Drosophila hydei",195600000
"1097","Arthropoda","Insecta","Diptera","Drosophilidae","Drosophila hydei",0.21,"Drosophila hydei",205380000
"1098","Arthropoda","Insecta","Diptera","Drosophilidae","Drosophila hydei",0.24,"Drosophila hydei",234720000
"1099","Arthropoda","Insecta","Diptera","Drosophilidae","Drosophila hydei",0.25,"Drosophila hydei",244500000
"1100","Arthropoda","Insecta","Diptera","Drosophilidae","Drosophila hydei",0.25,"Drosophila hydei",244500000
"1101","Arthropoda","Insecta","Diptera","Drosophilidae","Drosophila hydei",199.5,"Drosophila hydei",199500000
"1102","Arthropoda","Insecta","Diptera","Drosophilidae","Drosophila hydei",207.4,"Drosophila hydei",207400000
"1103","Arthropoda","Insecta","Diptera","Drosophilidae","Drosophila hypocausta",185.9,"Drosophila hypocausta",185900000
"1104","Arthropoda","Insecta","Diptera","Drosophilidae","Drosophila hypocausta",190.6,"Drosophila hypocausta",190600000
"1105","Arthropoda","Insecta","Diptera","Drosophilidae","Drosophila immigrans",0.31,"Drosophila immigrans",303180000
"1106","Arthropoda","Insecta","Diptera","Drosophilidae","Drosophila immigrans",262.9,"Drosophila immigrans",262900000
"1107","Arthropoda","Insecta","Diptera","Drosophilidae","Drosophila immigrans",265.2,"Drosophila immigrans",265200000
"1108","Arthropoda","Insecta","Diptera","Drosophilidae","Drosophila jambulina",0.21,"Drosophila jambulina",205380000
"1109","Arthropoda","Insecta","Diptera","Drosophilidae","Drosophila jambulina",210.4,"Drosophila jambulina",210400000
"1110","Arthropoda","Insecta","Diptera","Drosophilidae","Drosophila jambulina",219,"Drosophila jambulina",2.19e+08
"1111","Arthropoda","Insecta","Diptera","Drosophilidae","Drosophila kanapiae",0.17,"Drosophila kanapiae",166260000
"1112","Arthropoda","Insecta","Diptera","Drosophilidae","Drosophila kanapiae",164.8,"Drosophila kanapiae",164800000
"1113","Arthropoda","Insecta","Diptera","Drosophilidae","Drosophila kanapiae",168.6,"Drosophila kanapiae",168600000
"1114","Arthropoda","Insecta","Diptera","Drosophilidae","Drosophila kanekoi",254.4,"Drosophila kanekoi",254400000
"1115","Arthropoda","Insecta","Diptera","Drosophilidae","Drosophila kanekoi",256.4,"Drosophila kanekoi",256400000
"1116","Arthropoda","Insecta","Diptera","Drosophilidae","Drosophila kepulauana",224.6,"Drosophila kepulauana",224600000
"1117","Arthropoda","Insecta","Diptera","Drosophilidae","Drosophila kepulauana",237.3,"Drosophila kepulauana",237300000
"1118","Arthropoda","Insecta","Diptera","Drosophilidae","Drosophila kikkawai",0.21,"Drosophila kikkawai",205380000
"1119","Arthropoda","Insecta","Diptera","Drosophilidae","Drosophila kikkawai",223,"Drosophila kikkawai",2.23e+08
"1120","Arthropoda","Insecta","Diptera","Drosophilidae","Drosophila kikkawai",223.5,"Drosophila kikkawai",223500000
"1121","Arthropoda","Insecta","Diptera","Drosophilidae","Drosophila koepferae",0.18,"Drosophila koepferae",176040000
"1122","Arthropoda","Insecta","Diptera","Drosophilidae","Drosophila kohkoa",255.6,"Drosophila kohkoa",255600000
"1123","Arthropoda","Insecta","Diptera","Drosophilidae","Drosophila kohkoa",271.9,"Drosophila kohkoa",271900000
"1124","Arthropoda","Insecta","Diptera","Drosophilidae","Drosophila lacertosa",298,"Drosophila lacertosa",2.98e+08
"1125","Arthropoda","Insecta","Diptera","Drosophilidae","Drosophila lacertosa",303.1,"Drosophila lacertosa",303100000
"1126","Arthropoda","Insecta","Diptera","Drosophilidae","Drosophila lacicola",192.4,"Drosophila lacicola",192400000
"1127","Arthropoda","Insecta","Diptera","Drosophilidae","Drosophila lacicola",196,"Drosophila lacicola",1.96e+08
"1128","Arthropoda","Insecta","Diptera","Drosophilidae","Drosophila lacteicornis",0.25,"Drosophila lacteicornis",244500000
"1129","Arthropoda","Insecta","Diptera","Drosophilidae","Drosophila lacteicornis",230.7,"Drosophila lacteicornis",230700000
"1130","Arthropoda","Insecta","Diptera","Drosophilidae","Drosophila lacteicornis",248.6,"Drosophila lacteicornis",248600000
"1131","Arthropoda","Insecta","Diptera","Drosophilidae","Drosophila limensis",192.9,"Drosophila limensis",192900000
"1132","Arthropoda","Insecta","Diptera","Drosophilidae","Drosophila limensis",203.1,"Drosophila limensis",203100000
"1133","Arthropoda","Insecta","Diptera","Drosophilidae","Drosophila littoralis",0.24,"Drosophila littoralis",234720000
"1134","Arthropoda","Insecta","Diptera","Drosophilidae","Drosophila littoralis",253.1,"Drosophila littoralis",253100000
"1135","Arthropoda","Insecta","Diptera","Drosophilidae","Drosophila littoralis",260.1,"Drosophila littoralis",260100000
"1136","Arthropoda","Insecta","Diptera","Drosophilidae","Drosophila longiseta",0.38,"Drosophila longiseta",371640000
"1137","Arthropoda","Insecta","Diptera","Drosophilidae","Drosophila lucipennis",0.27,"Drosophila lucipennis",264060000
"1138","Arthropoda","Insecta","Diptera","Drosophilidae","Drosophila lucipennis",274,"Drosophila lucipennis",2.74e+08
"1139","Arthropoda","Insecta","Diptera","Drosophilidae","Drosophila lucipennis",274.1,"Drosophila lucipennis",274100000
"1140","Arthropoda","Insecta","Diptera","Drosophilidae","Drosophila lummei",308.5,"Drosophila lummei",308500000
"1141","Arthropoda","Insecta","Diptera","Drosophilidae","Drosophila lummei",312.7,"Drosophila lummei",312700000
"1142","Arthropoda","Insecta","Diptera","Drosophilidae","Drosophila lutescens",0.22,"Drosophila lutescens",215160000
"1143","Arthropoda","Insecta","Diptera","Drosophilidae","Drosophila lutescens",229.6,"Drosophila lutescens",229600000
"1144","Arthropoda","Insecta","Diptera","Drosophilidae","Drosophila lutescens",231.9,"Drosophila lutescens",231900000
"1145","Arthropoda","Insecta","Diptera","Drosophilidae","Drosophila malerkotliana",0.2,"Drosophila malerkotliana",195600000
"1146","Arthropoda","Insecta","Diptera","Drosophilidae","Drosophila malerkotliana",0.2,"Drosophila malerkotliana",195600000
"1147","Arthropoda","Insecta","Diptera","Drosophilidae","Drosophila malerkotliana",215.9,"Drosophila malerkotliana",215900000
"1148","Arthropoda","Insecta","Diptera","Drosophilidae","Drosophila malerkotliana",221.8,"Drosophila malerkotliana",221800000
"1149","Arthropoda","Insecta","Diptera","Drosophilidae","Drosophila mauritiana",0.15,"Drosophila mauritiana",146700000
"1150","Arthropoda","Insecta","Diptera","Drosophilidae","Drosophila mauritiana",0.15,"Drosophila mauritiana",146700000
"1151","Arthropoda","Insecta","Diptera","Drosophilidae","Drosophila mauritiana",162.6,"Drosophila mauritiana",162600000
"1152","Arthropoda","Insecta","Diptera","Drosophilidae","Drosophila mauritiana",164.9,"Drosophila mauritiana",164900000
"1153","Arthropoda","Insecta","Diptera","Drosophilidae","Drosophila mayaguana",161.7,"Drosophila mayaguana",161700000
"1154","Arthropoda","Insecta","Diptera","Drosophilidae","Drosophila mayaguana",170,"Drosophila mayaguana",1.7e+08
"1155","Arthropoda","Insecta","Diptera","Drosophilidae","Drosophila mayri",0.26,"Drosophila mayri",254280000
"1156","Arthropoda","Insecta","Diptera","Drosophilidae","Drosophila mayri",256.2,"Drosophila mayri",256200000
"1157","Arthropoda","Insecta","Diptera","Drosophilidae","Drosophila mayri",262.2,"Drosophila mayri",262200000
"1158","Arthropoda","Insecta","Diptera","Drosophilidae","Drosophila mediopictoides",184.3,"Drosophila mediopictoides",184300000
"1159","Arthropoda","Insecta","Diptera","Drosophilidae","Drosophila mediopictoides",188,"Drosophila mediopictoides",1.88e+08
"1160","Arthropoda","Insecta","Diptera","Drosophilidae","Drosophila melanica",175.3,"Drosophila melanica",175300000
"1161","Arthropoda","Insecta","Diptera","Drosophilidae","Drosophila melanica",175.9,"Drosophila melanica",175900000
"1162","Arthropoda","Insecta","Diptera","Drosophilidae","Drosophila melanocephala",0.23,"Drosophila melanocephala",224940000
"1163","Arthropoda","Insecta","Diptera","Drosophilidae","Drosophila melanogaster",0.12,"Drosophila melanogaster",117360000
"1164","Arthropoda","Insecta","Diptera","Drosophilidae","Drosophila melanogaster",0.16,"Drosophila melanogaster",156480000
"1165","Arthropoda","Insecta","Diptera","Drosophilidae","Drosophila melanogaster",0.16,"Drosophila melanogaster",156480000
"1166","Arthropoda","Insecta","Diptera","Drosophilidae","Drosophila melanogaster",0.17,"Drosophila melanogaster",166260000
"1167","Arthropoda","Insecta","Diptera","Drosophilidae","Drosophila melanogaster",0.17,"Drosophila melanogaster",166260000
"1168","Arthropoda","Insecta","Diptera","Drosophilidae","Drosophila melanogaster",0.18,"Drosophila melanogaster",176040000
"1169","Arthropoda","Insecta","Diptera","Drosophilidae","Drosophila melanogaster",0.18,"Drosophila melanogaster",176040000
"1170","Arthropoda","Insecta","Diptera","Drosophilidae","Drosophila melanogaster",0.18,"Drosophila melanogaster",176040000
"1171","Arthropoda","Insecta","Diptera","Drosophilidae","Drosophila melanogaster",0.18,"Drosophila melanogaster",176040000
"1172","Arthropoda","Insecta","Diptera","Drosophilidae","Drosophila melanogaster",0.18,"Drosophila melanogaster",176040000
"1173","Arthropoda","Insecta","Diptera","Drosophilidae","Drosophila melanogaster",0.18,"Drosophila melanogaster",176040000
"1174","Arthropoda","Insecta","Diptera","Drosophilidae","Drosophila melanogaster",0.21,"Drosophila melanogaster",205380000
"1175","Arthropoda","Insecta","Diptera","Drosophilidae","Drosophila melanogaster",172.1,"Drosophila melanogaster",172100000
"1176","Arthropoda","Insecta","Diptera","Drosophilidae","Drosophila melanogaster",174.5,"Drosophila melanogaster",174500000
"1177","Arthropoda","Insecta","Diptera","Drosophilidae","Drosophila mercatorum",0.13,"Drosophila mercatorum",127140000
"1178","Arthropoda","Insecta","Diptera","Drosophilidae","Drosophila mercatorum",159.1,"Drosophila mercatorum",159100000
"1179","Arthropoda","Insecta","Diptera","Drosophilidae","Drosophila mercatorum",171.8,"Drosophila mercatorum",171800000
"1180","Arthropoda","Insecta","Diptera","Drosophilidae","Drosophila micromelanica",206.4,"Drosophila micromelanica",206400000
"1181","Arthropoda","Insecta","Diptera","Drosophilidae","Drosophila micromelanica",207.1,"Drosophila micromelanica",207100000
"1182","Arthropoda","Insecta","Diptera","Drosophilidae","Drosophila mimetica",0.21,"Drosophila mimetica",205380000
"1183","Arthropoda","Insecta","Diptera","Drosophilidae","Drosophila mimetica",208.3,"Drosophila mimetica",208300000
"1184","Arthropoda","Insecta","Diptera","Drosophilidae","Drosophila mimetica",212.7,"Drosophila mimetica",212700000
"1185","Arthropoda","Insecta","Diptera","Drosophilidae","Drosophila mimica",0.26,"Drosophila mimica",254280000
"1186","Arthropoda","Insecta","Diptera","Drosophilidae","Drosophila mimica",0.26,"Drosophila mimica",254280000
"1187","Arthropoda","Insecta","Diptera","Drosophilidae","Drosophila miranda",0.18,"Drosophila miranda",176040000
"1188","Arthropoda","Insecta","Diptera","Drosophilidae","Drosophila miranda",0.23,"Drosophila miranda",224940000
"1189","Arthropoda","Insecta","Diptera","Drosophilidae","Drosophila miranda",0.31,"Drosophila miranda",303180000
"1190","Arthropoda","Insecta","Diptera","Drosophilidae","Drosophila miranda",199.6,"Drosophila miranda",199600000
"1191","Arthropoda","Insecta","Diptera","Drosophilidae","Drosophila miranda",211.9,"Drosophila miranda",211900000
"1192","Arthropoda","Insecta","Diptera","Drosophilidae","Drosophila mojavensis",0.16,"Drosophila mojavensis",156480000
"1193","Arthropoda","Insecta","Diptera","Drosophilidae","Drosophila mojavensis",0.17,"Drosophila mojavensis",166260000
"1194","Arthropoda","Insecta","Diptera","Drosophilidae","Drosophila mojavensis",0.22,"Drosophila mojavensis",215160000
"1195","Arthropoda","Insecta","Diptera","Drosophilidae","Drosophila mojavensis",165.6,"Drosophila mojavensis",165600000
"1196","Arthropoda","Insecta","Diptera","Drosophilidae","Drosophila mojavensis",168.7,"Drosophila mojavensis",168700000
"1197","Arthropoda","Insecta","Diptera","Drosophilidae","Drosophila montana",240.6,"Drosophila montana",240600000
"1198","Arthropoda","Insecta","Diptera","Drosophilidae","Drosophila montana",242.8,"Drosophila montana",242800000
"1199","Arthropoda","Insecta","Diptera","Drosophilidae","Drosophila mulleri",158.9,"Drosophila mulleri",158900000
"1200","Arthropoda","Insecta","Diptera","Drosophilidae","Drosophila mulleri",168.3,"Drosophila mulleri",168300000
"1201","Arthropoda","Insecta","Diptera","Drosophilidae","Drosophila nannoptera",0.24,"Drosophila nannoptera",234720000
"1202","Arthropoda","Insecta","Diptera","Drosophilidae","Drosophila nannoptera",245.9,"Drosophila nannoptera",245900000
"1203","Arthropoda","Insecta","Diptera","Drosophilidae","Drosophila nannoptera",250.1,"Drosophila nannoptera",250100000
"1204","Arthropoda","Insecta","Diptera","Drosophilidae","Drosophila narragansett",0.21,"Drosophila narragansett",205380000
"1205","Arthropoda","Insecta","Diptera","Drosophilidae","Drosophila narragansett",203.4,"Drosophila narragansett",203400000
"1206","Arthropoda","Insecta","Diptera","Drosophilidae","Drosophila narragansett",205.9,"Drosophila narragansett",205900000
"1207","Arthropoda","Insecta","Diptera","Drosophilidae","Drosophila nasuta",242.4,"Drosophila nasuta",242400000
"1208","Arthropoda","Insecta","Diptera","Drosophilidae","Drosophila nasuta",245.7,"Drosophila nasuta",245700000
"1209","Arthropoda","Insecta","Diptera","Drosophilidae","Drosophila nasutoides",0.4,"Drosophila nasutoides",391200000
"1210","Arthropoda","Insecta","Diptera","Drosophilidae","Drosophila navojoa",156.2,"Drosophila navojoa",156200000
"1211","Arthropoda","Insecta","Diptera","Drosophilidae","Drosophila navojoa",170,"Drosophila navojoa",1.7e+08
"1212","Arthropoda","Insecta","Diptera","Drosophilidae","Drosophila nebulosa",0.19,"Drosophila nebulosa",185820000
"1213","Arthropoda","Insecta","Diptera","Drosophilidae","Drosophila nebulosa",203.1,"Drosophila nebulosa",203100000
"1214","Arthropoda","Insecta","Diptera","Drosophilidae","Drosophila nebulosa",211.5,"Drosophila nebulosa",211500000
"1215","Arthropoda","Insecta","Diptera","Drosophilidae","Drosophila neocordata",0.22,"Drosophila neocordata",215160000
"1216","Arthropoda","Insecta","Diptera","Drosophilidae","Drosophila neocordata",219,"Drosophila neocordata",2.19e+08
"1217","Arthropoda","Insecta","Diptera","Drosophilidae","Drosophila neocordata",219.8,"Drosophila neocordata",219800000
"1218","Arthropoda","Insecta","Diptera","Drosophilidae","Drosophila neohydei",0.2,"Drosophila neohydei",195600000
"1219","Arthropoda","Insecta","Diptera","Drosophilidae","Drosophila neohypocausta",165.6,"Drosophila neohypocausta",165600000
"1220","Arthropoda","Insecta","Diptera","Drosophilidae","Drosophila neohypocausta",165.7,"Drosophila neohypocausta",165700000
"1221","Arthropoda","Insecta","Diptera","Drosophilidae","Drosophila neoperkinsi",0.18,"Drosophila neoperkinsi",176040000
"1222","Arthropoda","Insecta","Diptera","Drosophilidae","Drosophila nigrens",0.23,"Drosophila nigrens",224940000
"1223","Arthropoda","Insecta","Diptera","Drosophilidae","Drosophila nikananu",219.7,"Drosophila nikananu",219700000
"1224","Arthropoda","Insecta","Diptera","Drosophilidae","Drosophila nikananu",220.6,"Drosophila nikananu",220600000
"1225","Arthropoda","Insecta","Diptera","Drosophilidae","Drosophila novamexicana",0.25,"Drosophila novamexicana",244500000
"1226","Arthropoda","Insecta","Diptera","Drosophilidae","Drosophila novamexicana",249.3,"Drosophila novamexicana",249300000
"1227","Arthropoda","Insecta","Diptera","Drosophilidae","Drosophila novamexicana",252.7,"Drosophila novamexicana",252700000
"1228","Arthropoda","Insecta","Diptera","Drosophilidae","Drosophila orena",0.27,"Drosophila orena",264060000
"1229","Arthropoda","Insecta","Diptera","Drosophilidae","Drosophila orena",0.28,"Drosophila orena",273840000
"1230","Arthropoda","Insecta","Diptera","Drosophilidae","Drosophila orena",280.7,"Drosophila orena",280700000
"1231","Arthropoda","Insecta","Diptera","Drosophilidae","Drosophila orena",280.7,"Drosophila orena",280700000
"1232","Arthropoda","Insecta","Diptera","Drosophilidae","Drosophila ornatifrons",286.1,"Drosophila ornatifrons",286100000
"1233","Arthropoda","Insecta","Diptera","Drosophilidae","Drosophila ornatifrons",291.3,"Drosophila ornatifrons",291300000
"1234","Arthropoda","Insecta","Diptera","Drosophilidae","Drosophila orosa",0.22,"Drosophila orosa",215160000
"1235","Arthropoda","Insecta","Diptera","Drosophilidae","Drosophila orosa",215.3,"Drosophila orosa",215300000
"1236","Arthropoda","Insecta","Diptera","Drosophilidae","Drosophila orosa",216.2,"Drosophila orosa",216200000
"1237","Arthropoda","Insecta","Diptera","Drosophilidae","Drosophila pachea",148.3,"Drosophila pachea",148300000
"1238","Arthropoda","Insecta","Diptera","Drosophilidae","Drosophila pachea",176.5,"Drosophila pachea",176500000
"1239","Arthropoda","Insecta","Diptera","Drosophilidae","Drosophila pallidipennis",325,"Drosophila pallidipennis",3.25e+08
"1240","Arthropoda","Insecta","Diptera","Drosophilidae","Drosophila pallidipennis",330.9,"Drosophila pallidipennis",330900000
"1241","Arthropoda","Insecta","Diptera","Drosophilidae","Drosophila pallidosa",0.19,"Drosophila pallidosa",185820000
"1242","Arthropoda","Insecta","Diptera","Drosophilidae","Drosophila pallidosa",0.2,"Drosophila pallidosa",195600000
"1243","Arthropoda","Insecta","Diptera","Drosophilidae","Drosophila pallidosa",186.8,"Drosophila pallidosa",186800000
"1244","Arthropoda","Insecta","Diptera","Drosophilidae","Drosophila pallidosa",194.1,"Drosophila pallidosa",194100000
"1245","Arthropoda","Insecta","Diptera","Drosophilidae","Drosophila pallidosa-like",0.19,"Drosophila pallidosa-like",185820000
"1246","Arthropoda","Insecta","Diptera","Drosophilidae","Drosophila palustris",212.1,"Drosophila palustris",212100000
"1247","Arthropoda","Insecta","Diptera","Drosophilidae","Drosophila palustris",219.1,"Drosophila palustris",219100000
"1248","Arthropoda","Insecta","Diptera","Drosophilidae","Drosophila parabipectinata",0.21,"Drosophila parabipectinata",205380000
"1249","Arthropoda","Insecta","Diptera","Drosophilidae","Drosophila parabipectinata",235.1,"Drosophila parabipectinata",235100000
"1250","Arthropoda","Insecta","Diptera","Drosophilidae","Drosophila parabipectinata",241,"Drosophila parabipectinata",2.41e+08
"1251","Arthropoda","Insecta","Diptera","Drosophilidae","Drosophila paralutea",0.23,"Drosophila paralutea",224940000
"1252","Arthropoda","Insecta","Diptera","Drosophilidae","Drosophila paralutea",234.6,"Drosophila paralutea",234600000
"1253","Arthropoda","Insecta","Diptera","Drosophilidae","Drosophila paralutea",239.2,"Drosophila paralutea",239200000
"1254","Arthropoda","Insecta","Diptera","Drosophilidae","Drosophila paramelanica",191.6,"Drosophila paramelanica",191600000
"1255","Arthropoda","Insecta","Diptera","Drosophilidae","Drosophila paramelanica",192.1,"Drosophila paramelanica",192100000
"1256","Arthropoda","Insecta","Diptera","Drosophilidae","Drosophila paulistorum",0.24,"Drosophila paulistorum",234720000
"1257","Arthropoda","Insecta","Diptera","Drosophilidae","Drosophila paulistorum",244.7,"Drosophila paulistorum",244700000
"1258","Arthropoda","Insecta","Diptera","Drosophilidae","Drosophila paulistorum",250.1,"Drosophila paulistorum",250100000
"1259","Arthropoda","Insecta","Diptera","Drosophilidae","Drosophila pectinifera",0.3,"Drosophila pectinifera",293400000
"1260","Arthropoda","Insecta","Diptera","Drosophilidae","Drosophila pectinifera",280.4,"Drosophila pectinifera",280400000
"1261","Arthropoda","Insecta","Diptera","Drosophilidae","Drosophila pectinifera",297.4,"Drosophila pectinifera",297400000
"1262","Arthropoda","Insecta","Diptera","Drosophilidae","Drosophila persimilis",0.18,"Drosophila persimilis",176040000
"1263","Arthropoda","Insecta","Diptera","Drosophilidae","Drosophila persimilis",0.19,"Drosophila persimilis",185820000
"1264","Arthropoda","Insecta","Diptera","Drosophilidae","Drosophila persimilis",0.22,"Drosophila persimilis",215160000
"1265","Arthropoda","Insecta","Diptera","Drosophilidae","Drosophila persimilis",167.7,"Drosophila persimilis",167700000
"1266","Arthropoda","Insecta","Diptera","Drosophilidae","Drosophila persimilis",197.1,"Drosophila persimilis",197100000
"1267","Arthropoda","Insecta","Diptera","Drosophilidae","Drosophila phaeopleura",0.2,"Drosophila phaeopleura",195600000
"1268","Arthropoda","Insecta","Diptera","Drosophilidae","Drosophila phaeopleura",187.3,"Drosophila phaeopleura",187300000
"1269","Arthropoda","Insecta","Diptera","Drosophilidae","Drosophila phaeopleura",202.9,"Drosophila phaeopleura",202900000
"1270","Arthropoda","Insecta","Diptera","Drosophilidae","Drosophila phalerata",233.3,"Drosophila phalerata",233300000
"1271","Arthropoda","Insecta","Diptera","Drosophilidae","Drosophila phalerata",240.3,"Drosophila phalerata",240300000
"1272","Arthropoda","Insecta","Diptera","Drosophilidae","Drosophila polychaeta",202.5,"Drosophila polychaeta",202500000
"1273","Arthropoda","Insecta","Diptera","Drosophilidae","Drosophila polychaeta",206,"Drosophila polychaeta",2.06e+08
"1274","Arthropoda","Insecta","Diptera","Drosophilidae","Drosophila polymorpha",171.2,"Drosophila polymorpha",171200000
"1275","Arthropoda","Insecta","Diptera","Drosophilidae","Drosophila polymorpha",179.2,"Drosophila polymorpha",179200000
"1276","Arthropoda","Insecta","Diptera","Drosophilidae","Drosophila prostipennis",0.23,"Drosophila prostipennis",224940000
"1277","Arthropoda","Insecta","Diptera","Drosophilidae","Drosophila prostipennis",239.8,"Drosophila prostipennis",239800000
"1278","Arthropoda","Insecta","Diptera","Drosophilidae","Drosophila prostipennis",245.5,"Drosophila prostipennis",245500000
"1279","Arthropoda","Insecta","Diptera","Drosophilidae","Drosophila pseudoananassae",0.23,"Drosophila pseudoananassae",224940000
"1280","Arthropoda","Insecta","Diptera","Drosophilidae","Drosophila pseudoananassae",215.5,"Drosophila pseudoananassae",215500000
"1281","Arthropoda","Insecta","Diptera","Drosophilidae","Drosophila pseudoananassae",223.6,"Drosophila pseudoananassae",223600000
"1282","Arthropoda","Insecta","Diptera","Drosophilidae","Drosophila pseudoananassae nigrens",224,"Drosophila pseudoananassae nigrens",2.24e+08
"1283","Arthropoda","Insecta","Diptera","Drosophilidae","Drosophila pseudoananassae nigrens",224,"Drosophila pseudoananassae nigrens",2.24e+08
"1284","Arthropoda","Insecta","Diptera","Drosophilidae","Drosophila pseudoobscura",0.14,"Drosophila pseudoobscura",136920000
"1285","Arthropoda","Insecta","Diptera","Drosophilidae","Drosophila pseudoobscura",0.16,"Drosophila pseudoobscura",156480000
"1286","Arthropoda","Insecta","Diptera","Drosophilidae","Drosophila pseudoobscura",0.19,"Drosophila pseudoobscura",185820000
"1287","Arthropoda","Insecta","Diptera","Drosophilidae","Drosophila pseudoobscura",161.3,"Drosophila pseudoobscura",161300000
"1288","Arthropoda","Insecta","Diptera","Drosophilidae","Drosophila pseudoobscura",180.8,"Drosophila pseudoobscura",180800000
"1289","Arthropoda","Insecta","Diptera","Drosophilidae","Drosophila pseudotakahashii",0.21,"Drosophila pseudotakahashii",205380000
"1290","Arthropoda","Insecta","Diptera","Drosophilidae","Drosophila pseudotakahashii",202.9,"Drosophila pseudotakahashii",202900000
"1291","Arthropoda","Insecta","Diptera","Drosophilidae","Drosophila pseudotakahashii",212.2,"Drosophila pseudotakahashii",212200000
"1292","Arthropoda","Insecta","Diptera","Drosophilidae","Drosophila pseudotalamancana",191.6,"Drosophila pseudotalamancana",191600000
"1293","Arthropoda","Insecta","Diptera","Drosophilidae","Drosophila pseudotalamancana",194.9,"Drosophila pseudotalamancana",194900000
"1294","Arthropoda","Insecta","Diptera","Drosophilidae","Drosophila punjabiensis",0.21,"Drosophila punjabiensis",205380000
"1295","Arthropoda","Insecta","Diptera","Drosophilidae","Drosophila punjabiensis",194.9,"Drosophila punjabiensis",194900000
"1296","Arthropoda","Insecta","Diptera","Drosophilidae","Drosophila punjabiensis",200,"Drosophila punjabiensis",2e+08
"1297","Arthropoda","Insecta","Diptera","Drosophilidae","Drosophila quadraria",0.26,"Drosophila quadraria",254280000
"1298","Arthropoda","Insecta","Diptera","Drosophilidae","Drosophila quadraria",248.4,"Drosophila quadraria",248400000
"1299","Arthropoda","Insecta","Diptera","Drosophilidae","Drosophila quadraria",252.1,"Drosophila quadraria",252100000
"1300","Arthropoda","Insecta","Diptera","Drosophilidae","Drosophila repleta",0.17,"Drosophila repleta",166260000
"1301","Arthropoda","Insecta","Diptera","Drosophilidae","Drosophila repleta",165.5,"Drosophila repleta",165500000
"1302","Arthropoda","Insecta","Diptera","Drosophilidae","Drosophila repleta",187.5,"Drosophila repleta",187500000
"1303","Arthropoda","Insecta","Diptera","Drosophilidae","Drosophila robusta",241.6,"Drosophila robusta",241600000
"1304","Arthropoda","Insecta","Diptera","Drosophilidae","Drosophila robusta",249.6,"Drosophila robusta",249600000
"1305","Arthropoda","Insecta","Diptera","Drosophilidae","Drosophila rubida",213.42,"Drosophila rubida",213420000
"1306","Arthropoda","Insecta","Diptera","Drosophilidae","Drosophila rubida",218.7,"Drosophila rubida",218700000
"1307","Arthropoda","Insecta","Diptera","Drosophilidae","Drosophila rufa",0.26,"Drosophila rufa",254280000
"1308","Arthropoda","Insecta","Diptera","Drosophilidae","Drosophila rufa",246,"Drosophila rufa",2.46e+08
"1309","Arthropoda","Insecta","Diptera","Drosophilidae","Drosophila rufa",256.8,"Drosophila rufa",256800000
"1310","Arthropoda","Insecta","Diptera","Drosophilidae","Drosophila santomea",0.16,"Drosophila santomea",156480000
"1311","Arthropoda","Insecta","Diptera","Drosophilidae","Drosophila santomea",0.18,"Drosophila santomea",176040000
"1312","Arthropoda","Insecta","Diptera","Drosophilidae","Drosophila santomea",178.3,"Drosophila santomea",178300000
"1313","Arthropoda","Insecta","Diptera","Drosophilidae","Drosophila santomea",181.9,"Drosophila santomea",181900000
"1314","Arthropoda","Insecta","Diptera","Drosophilidae","Drosophila sechellia",0.17,"Drosophila sechellia",166260000
"1315","Arthropoda","Insecta","Diptera","Drosophilidae","Drosophila sechellia",0.17,"Drosophila sechellia",166260000
"1316","Arthropoda","Insecta","Diptera","Drosophilidae","Drosophila sechellia",0.17,"Drosophila sechellia",166260000
"1317","Arthropoda","Insecta","Diptera","Drosophilidae","Drosophila sechellia",190.9,"Drosophila sechellia",190900000
"1318","Arthropoda","Insecta","Diptera","Drosophilidae","Drosophila sechellia",208.3,"Drosophila sechellia",208300000
"1319","Arthropoda","Insecta","Diptera","Drosophilidae","Drosophila seguyi",0.22,"Drosophila seguyi",215160000
"1320","Arthropoda","Insecta","Diptera","Drosophilidae","Drosophila seguyi",245.3,"Drosophila seguyi",245300000
"1321","Arthropoda","Insecta","Diptera","Drosophilidae","Drosophila seguyi",249.1,"Drosophila seguyi",249100000
"1322","Arthropoda","Insecta","Diptera","Drosophilidae","Drosophila serrata",0.21,"Drosophila serrata",205380000
"1323","Arthropoda","Insecta","Diptera","Drosophilidae","Drosophila serrata",215.8,"Drosophila serrata",215800000
"1324","Arthropoda","Insecta","Diptera","Drosophilidae","Drosophila serrata",226.7,"Drosophila serrata",226700000
"1325","Arthropoda","Insecta","Diptera","Drosophilidae","Drosophila silvarentis",0.28,"Drosophila silvarentis",273840000
"1326","Arthropoda","Insecta","Diptera","Drosophilidae","Drosophila silvestris",0.19,"Drosophila silvestris",185820000
"1327","Arthropoda","Insecta","Diptera","Drosophilidae","Drosophila simulans",0.12,"Drosophila simulans",117360000
"1328","Arthropoda","Insecta","Diptera","Drosophilidae","Drosophila simulans",0.14,"Drosophila simulans",136920000
"1329","Arthropoda","Insecta","Diptera","Drosophilidae","Drosophila simulans",0.15,"Drosophila simulans",146700000
"1330","Arthropoda","Insecta","Diptera","Drosophilidae","Drosophila simulans",0.15,"Drosophila simulans",146700000
"1331","Arthropoda","Insecta","Diptera","Drosophilidae","Drosophila simulans",0.15,"Drosophila simulans",146700000
"1332","Arthropoda","Insecta","Diptera","Drosophilidae","Drosophila simulans",0.16,"Drosophila simulans",156480000
"1333","Arthropoda","Insecta","Diptera","Drosophilidae","Drosophila simulans",163.8,"Drosophila simulans",163800000
"1334","Arthropoda","Insecta","Diptera","Drosophilidae","Drosophila simulans",168.9,"Drosophila simulans",168900000
"1335","Arthropoda","Insecta","Diptera","Drosophilidae","Drosophila sordidula",227.6,"Drosophila sordidula",227600000
"1336","Arthropoda","Insecta","Diptera","Drosophilidae","Drosophila sordidula",229.3,"Drosophila sordidula",229300000
"1337","Arthropoda","Insecta","Diptera","Drosophilidae","Drosophila subobscura",0.15,"Drosophila subobscura",146700000
"1338","Arthropoda","Insecta","Diptera","Drosophilidae","Drosophila subpalustris",212.2,"Drosophila subpalustris",212200000
"1339","Arthropoda","Insecta","Diptera","Drosophilidae","Drosophila subpalustris",214.7,"Drosophila subpalustris",214700000
"1340","Arthropoda","Insecta","Diptera","Drosophilidae","Drosophila sucinea",0.21,"Drosophila sucinea",205380000
"1341","Arthropoda","Insecta","Diptera","Drosophilidae","Drosophila sucinea",211.3,"Drosophila sucinea",211300000
"1342","Arthropoda","Insecta","Diptera","Drosophilidae","Drosophila sucinea",215.1,"Drosophila sucinea",215100000
"1343","Arthropoda","Insecta","Diptera","Drosophilidae","Drosophila suzukii",0.32,"Drosophila suzukii",312960000
"1344","Arthropoda","Insecta","Diptera","Drosophilidae","Drosophila suzukii",0.35,"Drosophila suzukii",342300000
"1345","Arthropoda","Insecta","Diptera","Drosophilidae","Drosophila suzukii",333.3,"Drosophila suzukii",333300000
"1346","Arthropoda","Insecta","Diptera","Drosophilidae","Drosophila suzukii",342.8,"Drosophila suzukii",342800000
"1347","Arthropoda","Insecta","Diptera","Drosophilidae","Drosophila takahashii",0.2,"Drosophila takahashii",195600000
"1348","Arthropoda","Insecta","Diptera","Drosophilidae","Drosophila takahashii",204,"Drosophila takahashii",2.04e+08
"1349","Arthropoda","Insecta","Diptera","Drosophilidae","Drosophila takahashii",210.8,"Drosophila takahashii",210800000
"1350","Arthropoda","Insecta","Diptera","Drosophilidae","Drosophila tani",0.2,"Drosophila tani",195600000
"1351","Arthropoda","Insecta","Diptera","Drosophilidae","Drosophila tani",200.8,"Drosophila tani",200800000
"1352","Arthropoda","Insecta","Diptera","Drosophilidae","Drosophila tani",211.5,"Drosophila tani",211500000
"1353","Arthropoda","Insecta","Diptera","Drosophilidae","Drosophila tanythrix",0.23,"Drosophila tanythrix",224940000
"1354","Arthropoda","Insecta","Diptera","Drosophilidae","Drosophila teissieri",0.15,"Drosophila teissieri",146700000
"1355","Arthropoda","Insecta","Diptera","Drosophilidae","Drosophila teissieri",0.16,"Drosophila teissieri",156480000
"1356","Arthropoda","Insecta","Diptera","Drosophilidae","Drosophila teissieri",162.9,"Drosophila teissieri",162900000
"1357","Arthropoda","Insecta","Diptera","Drosophilidae","Drosophila teissieri",165,"Drosophila teissieri",1.65e+08
"1358","Arthropoda","Insecta","Diptera","Drosophilidae","Drosophila tolteca",0.17,"Drosophila tolteca",166260000
"1359","Arthropoda","Insecta","Diptera","Drosophilidae","Drosophila tolteca",168.7,"Drosophila tolteca",168700000
"1360","Arthropoda","Insecta","Diptera","Drosophilidae","Drosophila tolteca",179,"Drosophila tolteca",1.79e+08
"1361","Arthropoda","Insecta","Diptera","Drosophilidae","Drosophila triauraria",0.25,"Drosophila triauraria",244500000
"1362","Arthropoda","Insecta","Diptera","Drosophilidae","Drosophila triauraria",252.4,"Drosophila triauraria",252400000
"1363","Arthropoda","Insecta","Diptera","Drosophilidae","Drosophila triauraria",256.7,"Drosophila triauraria",256700000
"1364","Arthropoda","Insecta","Diptera","Drosophilidae","Drosophila tripunctata",184.4,"Drosophila tripunctata",184400000
"1365","Arthropoda","Insecta","Diptera","Drosophilidae","Drosophila tripunctata",184.5,"Drosophila tripunctata",184500000
"1366","Arthropoda","Insecta","Diptera","Drosophilidae","Drosophila tsacasi",0.22,"Drosophila tsacasi",215160000
"1367","Arthropoda","Insecta","Diptera","Drosophilidae","Drosophila tsacasi",211.5,"Drosophila tsacasi",211500000
"1368","Arthropoda","Insecta","Diptera","Drosophilidae","Drosophila tsacasi",224.8,"Drosophila tsacasi",224800000
"1369","Arthropoda","Insecta","Diptera","Drosophilidae","Drosophila varians",0.16,"Drosophila varians",156480000
"1370","Arthropoda","Insecta","Diptera","Drosophilidae","Drosophila varians",156,"Drosophila varians",1.56e+08
"1371","Arthropoda","Insecta","Diptera","Drosophilidae","Drosophila varians",166.7,"Drosophila varians",166700000
"1372","Arthropoda","Insecta","Diptera","Drosophilidae","Drosophila virilis",0.34,"Drosophila virilis",332520000
"1373","Arthropoda","Insecta","Diptera","Drosophilidae","Drosophila virilis",0.34,"Drosophila virilis",332520000
"1374","Arthropoda","Insecta","Diptera","Drosophilidae","Drosophila virilis",0.39,"Drosophila virilis",381420000
"1375","Arthropoda","Insecta","Diptera","Drosophilidae","Drosophila virilis",0.41,"Drosophila virilis",400980000
"1376","Arthropoda","Insecta","Diptera","Drosophilidae","Drosophila virilis",325.4,"Drosophila virilis",325400000
"1377","Arthropoda","Insecta","Diptera","Drosophilidae","Drosophila virilis",338.2,"Drosophila virilis",338200000
"1378","Arthropoda","Insecta","Diptera","Drosophilidae","Drosophila vulcana",0.23,"Drosophila vulcana",224940000
"1379","Arthropoda","Insecta","Diptera","Drosophilidae","Drosophila vulcana",221.1,"Drosophila vulcana",221100000
"1380","Arthropoda","Insecta","Diptera","Drosophilidae","Drosophila vulcana",226,"Drosophila vulcana",2.26e+08
"1381","Arthropoda","Insecta","Diptera","Drosophilidae","Drosophila willistoni",0.21,"Drosophila willistoni",205380000
"1382","Arthropoda","Insecta","Diptera","Drosophilidae","Drosophila willistoni",0.24,"Drosophila willistoni",234720000
"1383","Arthropoda","Insecta","Diptera","Drosophilidae","Drosophila yakuba",0.16,"Drosophila yakuba",156480000
"1384","Arthropoda","Insecta","Diptera","Drosophilidae","Drosophila yakuba",0.17,"Drosophila yakuba",166260000
"1385","Arthropoda","Insecta","Diptera","Drosophilidae","Drosophila yakuba",0.19,"Drosophila yakuba",185820000
"1386","Arthropoda","Insecta","Diptera","Drosophilidae","Drosophila yakuba",178.9,"Drosophila yakuba",178900000
"1387","Arthropoda","Insecta","Diptera","Drosophilidae","Drosophila yakuba",180.6,"Drosophila yakuba",180600000
"1388","Arthropoda","Insecta","Diptera","Drosophilidae","Drosophila yooni",0.25,"Drosophila yooni",244500000
"1389","Arthropoda","Insecta","Diptera","Drosophilidae","Hirtodrosophila duncani",0.34,"Hirtodrosophila duncani",332520000
"1390","Arthropoda","Insecta","Diptera","Drosophilidae","Hirtodrosophila duncani",244.3,"Hirtodrosophila duncani",244300000
"1391","Arthropoda","Insecta","Diptera","Drosophilidae","Hirtodrosophila duncani",251.6,"Hirtodrosophila duncani",251600000
"1392","Arthropoda","Insecta","Diptera","Drosophilidae","Hirtodrosophila pictiventris",0.15,"Hirtodrosophila pictiventris",146700000
"1393","Arthropoda","Insecta","Diptera","Drosophilidae","Hirtodrosophila pictiventris",142.3,"Hirtodrosophila pictiventris",142300000
"1394","Arthropoda","Insecta","Diptera","Drosophilidae","Hirtodrosophila pictiventris",162.8,"Hirtodrosophila pictiventris",162800000
"1395","Arthropoda","Insecta","Diptera","Drosophilidae","Samoaia leonensis",0.27,"Samoaia leonensis",264060000
"1396","Arthropoda","Insecta","Diptera","Drosophilidae","Samoaia leonensis",260.4,"Samoaia leonensis",260400000
"1397","Arthropoda","Insecta","Diptera","Drosophilidae","Samoaia leonensis",261.8,"Samoaia leonensis",261800000
"1398","Arthropoda","Insecta","Diptera","Drosophilidae","Scaptodrosophila brooksae",0.28,"Scaptodrosophila brooksae",273840000
"1399","Arthropoda","Insecta","Diptera","Drosophilidae","Scaptodrosophila latifasciaeformis",0.21,"Scaptodrosophila latifasciaeformis",205380000
"1400","Arthropoda","Insecta","Diptera","Drosophilidae","Scaptodrosophila latifasciaeformis",0.32,"Scaptodrosophila latifasciaeformis",312960000
"1401","Arthropoda","Insecta","Diptera","Drosophilidae","Scaptodrosophila latifasciaeformis",201.7,"Scaptodrosophila latifasciaeformis",201700000
"1402","Arthropoda","Insecta","Diptera","Drosophilidae","Scaptodrosophila latifasciaeformis",201.8,"Scaptodrosophila latifasciaeformis",201800000
"1403","Arthropoda","Insecta","Diptera","Drosophilidae","Scaptodrosophila lebanonensis",0.22,"Scaptodrosophila lebanonensis",215160000
"1404","Arthropoda","Insecta","Diptera","Drosophilidae","Scaptodrosophila lebanonensis",0.26,"Scaptodrosophila lebanonensis",254280000
"1405","Arthropoda","Insecta","Diptera","Drosophilidae","Scaptodrosophila lebanonensis",253.3,"Scaptodrosophila lebanonensis",253300000
"1406","Arthropoda","Insecta","Diptera","Drosophilidae","Scaptodrosophila lebanonensis",257.2,"Scaptodrosophila lebanonensis",257200000
"1407","Arthropoda","Insecta","Diptera","Drosophilidae","Scaptodrosophila palmae",0.17,"Scaptodrosophila palmae",166260000
"1408","Arthropoda","Insecta","Diptera","Drosophilidae","Scaptodrosophila pattersoni",251.9,"Scaptodrosophila pattersoni",251900000
"1409","Arthropoda","Insecta","Diptera","Drosophilidae","Scaptodrosophila pattersoni",256.9,"Scaptodrosophila pattersoni",256900000
"1410","Arthropoda","Insecta","Diptera","Drosophilidae","Scaptodrosophila stonei",0.31,"Scaptodrosophila stonei",303180000
"1411","Arthropoda","Insecta","Diptera","Drosophilidae","Scaptodrosophila stonei",206.8,"Scaptodrosophila stonei",206800000
"1412","Arthropoda","Insecta","Diptera","Drosophilidae","Scaptodrosophila stonei",208.3,"Scaptodrosophila stonei",208300000
"1413","Arthropoda","Insecta","Diptera","Drosophilidae","Scaptomyza anomala",193.1,"Scaptomyza anomala",193100000
"1414","Arthropoda","Insecta","Diptera","Drosophilidae","Scaptomyza anomala",200.2,"Scaptomyza anomala",200200000
"1415","Arthropoda","Insecta","Diptera","Drosophilidae","Scaptomyza flava",0.3,"Scaptomyza flava",293400000
"1416","Arthropoda","Insecta","Diptera","Drosophilidae","Scaptomyza pattersoni",0.22,"Scaptomyza pattersoni",215160000
"1417","Arthropoda","Insecta","Diptera","Drosophilidae","Scaptomyza sp.",0.2,"Scaptomyza sp.",195600000
"1418","Arthropoda","Insecta","Diptera","Drosophilidae","Scaptomyza stonei",0.21,"Scaptomyza stonei",205380000
"1419","Arthropoda","Insecta","Diptera","Drosophilidae","Zaprionus badyi",0.26,"Zaprionus badyi",254280000
"1420","Arthropoda","Insecta","Diptera","Drosophilidae","Zaprionus bogoriensis",224.3,"Zaprionus bogoriensis",224300000
"1421","Arthropoda","Insecta","Diptera","Drosophilidae","Zaprionus bogoriensis",226.9,"Zaprionus bogoriensis",226900000
"1422","Arthropoda","Insecta","Diptera","Drosophilidae","Zaprionus camarounensis",0.2,"Zaprionus camarounensis",195600000
"1423","Arthropoda","Insecta","Diptera","Drosophilidae","Zaprionus davidi",0.17,"Zaprionus davidi",166260000
"1424","Arthropoda","Insecta","Diptera","Drosophilidae","Zaprionus ghesquerei",0.16,"Zaprionus ghesquerei",156480000
"1425","Arthropoda","Insecta","Diptera","Drosophilidae","Zaprionus ghesquierei",174.5,"Zaprionus ghesquierei",174500000
"1426","Arthropoda","Insecta","Diptera","Drosophilidae","Zaprionus ghesquierei",174.9,"Zaprionus ghesquierei",174900000
"1427","Arthropoda","Insecta","Diptera","Drosophilidae","Zaprionus indianus",0.22,"Zaprionus indianus",215160000
"1428","Arthropoda","Insecta","Diptera","Drosophilidae","Zaprionus indianus",229.9,"Zaprionus indianus",229900000
"1429","Arthropoda","Insecta","Diptera","Drosophilidae","Zaprionus indianus",234.8,"Zaprionus indianus",234800000
"1430","Arthropoda","Insecta","Diptera","Drosophilidae","Zaprionus inermis",202,"Zaprionus inermis",2.02e+08
"1431","Arthropoda","Insecta","Diptera","Drosophilidae","Zaprionus inermis",203.1,"Zaprionus inermis",203100000
"1432","Arthropoda","Insecta","Diptera","Drosophilidae","Zaprionus kolodkinae",195.5,"Zaprionus kolodkinae",195500000
"1433","Arthropoda","Insecta","Diptera","Drosophilidae","Zaprionus kolodkinae",199.3,"Zaprionus kolodkinae",199300000
"1434","Arthropoda","Insecta","Diptera","Drosophilidae","Zaprionus lachaisei",187.7,"Zaprionus lachaisei",187700000
"1435","Arthropoda","Insecta","Diptera","Drosophilidae","Zaprionus lachaisei",194.3,"Zaprionus lachaisei",194300000
"1436","Arthropoda","Insecta","Diptera","Drosophilidae","Zaprionus sepsoides",0.22,"Zaprionus sepsoides",215160000
"1437","Arthropoda","Insecta","Diptera","Drosophilidae","Zaprionus sepsoides",0.36,"Zaprionus sepsoides",352080000
"1438","Arthropoda","Insecta","Diptera","Drosophilidae","Zaprionus sepsoides",210.2,"Zaprionus sepsoides",210200000
"1439","Arthropoda","Insecta","Diptera","Drosophilidae","Zaprionus sepsoides",211.8,"Zaprionus sepsoides",211800000
"1440","Arthropoda","Insecta","Diptera","Drosophilidae","Zaprionus taronus",199.9,"Zaprionus taronus",199900000
"1441","Arthropoda","Insecta","Diptera","Drosophilidae","Zaprionus taronus",203.2,"Zaprionus taronus",203200000
"1442","Arthropoda","Insecta","Diptera","Drosophilidae","Zaprionus tsacasi",221.1,"Zaprionus tsacasi",221100000
"1443","Arthropoda","Insecta","Diptera","Drosophilidae","Zaprionus tsacasi",221.8,"Zaprionus tsacasi",221800000
"1444","Arthropoda","Insecta","Diptera","Drosophilidae","Zaprionus tuberculatis",0.2,"Zaprionus tuberculatis",195600000
"1445","Arthropoda","Insecta","Diptera","Drosophilidae","Zaprionus tuberculatus",0.31,"Zaprionus tuberculatus",303180000
"1446","Arthropoda","Insecta","Diptera","Drosophilidae","Zaprionus tuberculatus",198.1,"Zaprionus tuberculatus",198100000
"1447","Arthropoda","Insecta","Diptera","Drosophilidae","Zaprionus tuberculatus",199.2,"Zaprionus tuberculatus",199200000
"1448","Arthropoda","Insecta","Diptera","Glossinidae","Glossina fuscipes",0.5,"Glossina fuscipes",4.89e+08
"1449","Arthropoda","Insecta","Diptera","Glossinidae","Glossina morsitans morsitans",0.54,"Glossina morsitans morsitans",528120000
"1450","Arthropoda","Insecta","Diptera","Glossinidae","Glossina pallidipes",0.47,"Glossina pallidipes",459660000
"1451","Arthropoda","Insecta","Diptera","Glossinidae","Glossina palpalis palpalis",0.44,"Glossina palpalis palpalis",430320000
"1452","Arthropoda","Insecta","Diptera","Muscidae","Haematobia irritans",1.21,"Haematobia irritans",1183380000
"1453","Arthropoda","Insecta","Diptera","Muscidae","Musca domestica",0.89,"Musca domestica",870420000
"1454","Arthropoda","Insecta","Diptera","Muscidae","Musca domestica",0.92,"Musca domestica",899760000
"1455","Arthropoda","Insecta","Diptera","Muscidae","Musca domestica",1.02,"Musca domestica",997560000
"1456","Arthropoda","Insecta","Diptera","Muscidae","Musca domestica",1.04,"Musca domestica",1017120000
"1457","Arthropoda","Insecta","Diptera","Muscidae","Stomoxys calcitrans",1.16,"Stomoxys calcitrans",1134480000
"1458","Arthropoda","Insecta","Diptera","Muscidae","Synthesiomyia nudiseta",0.62,"Synthesiomyia nudiseta",606360000
"1459","Arthropoda","Insecta","Diptera","Phoridae","Megaselia abdita",0.57,"Megaselia abdita",557460000
"1460","Arthropoda","Insecta","Diptera","Phoridae","Megaselia scalaris",0.48,"Megaselia scalaris",469440000
"1461","Arthropoda","Insecta","Diptera","Phoridae","Pseudacteon curvatus",0.69,"Pseudacteon curvatus",674820000
"1462","Arthropoda","Insecta","Diptera","Phoridae","Pseudacteon obtusus",0.64,"Pseudacteon obtusus",625920000
"1463","Arthropoda","Insecta","Diptera","Phoridae","Pseudacteon tricuspis",0.76,"Pseudacteon tricuspis",743280000
"1464","Arthropoda","Insecta","Diptera","Psychodidae","Clogmia albipunctata",0.32,"Clogmia albipunctata",312960000
"1465","Arthropoda","Insecta","Diptera","Psychodidae","Clogmia albipunctata",0.32,"Clogmia albipunctata",312960000
"1466","Arthropoda","Insecta","Diptera","Psychodidae","Psychoda cinerea",0.1,"Psychoda cinerea",97800000
"1467","Arthropoda","Insecta","Diptera","Psychodidae","Psychoda cinerea",0.1,"Psychoda cinerea",97800000
"1468","Arthropoda","Insecta","Diptera","Psychodidae","Telmatoscopus meridionalis",0.24,"Telmatoscopus meridionalis",234720000
"1469","Arthropoda","Insecta","Diptera","Sarcophagidae","Sarcophaga bullata",0.66,"Sarcophaga bullata",645480000
"1470","Arthropoda","Insecta","Diptera","Sarcophagidae","Sarcophaga bullata",0.76,"Sarcophaga bullata",743280000
"1471","Arthropoda","Insecta","Diptera","Scatopsidae","Coboldia fuscipes",0.1,"Coboldia fuscipes",97800000
"1472","Arthropoda","Insecta","Diptera","Scatopsidae","Coboldia fuscipes",0.1,"Coboldia fuscipes",97800000
"1473","Arthropoda","Insecta","Diptera","Sciaridae","Bradysia hygida",0.31,"Bradysia hygida",303180000
"1474","Arthropoda","Insecta","Diptera","Sciaridae","Rhynchosciara americana",0.37,"Rhynchosciara americana",361860000
"1475","Arthropoda","Insecta","Diptera","Sciaridae","Sciara coprophila",0.29,"Sciara coprophila",283620000
"1476","Arthropoda","Insecta","Diptera","Sciaridae","Sciara ocellaris",0.26,"Sciara ocellaris",254280000
"1477","Arthropoda","Insecta","Diptera","Sciaridae","Trichosia pubescens",1.03,"Trichosia pubescens",1007340000
"1478","Arthropoda","Insecta","Diptera","Sepsidae","Allosepsis sp. 1",0.49,"Allosepsis sp. 1",479220000
"1479","Arthropoda","Insecta","Diptera","Sepsidae","Allosepsis sp. 2",0.52,"Allosepsis sp. 2",508560000
"1480","Arthropoda","Insecta","Diptera","Sepsidae","Allosepsis sp. 3",0.49,"Allosepsis sp. 3",479220000
"1481","Arthropoda","Insecta","Diptera","Sepsidae","Allosepsis sp. 4",0.33,"Allosepsis sp. 4",322740000
"1482","Arthropoda","Insecta","Diptera","Sepsidae","Allosepsis sp. 5",0.43,"Allosepsis sp. 5",420540000
"1483","Arthropoda","Insecta","Diptera","Sepsidae","Allosepsis sp. 6",0.51,"Allosepsis sp. 6",498780000
"1484","Arthropoda","Insecta","Diptera","Sepsidae","Archisepsis armata",0.34,"Archisepsis armata",332520000
"1485","Arthropoda","Insecta","Diptera","Sepsidae","Archisepsis escalcarata",0.33,"Archisepsis escalcarata",322740000
"1486","Arthropoda","Insecta","Diptera","Sepsidae","Decachaetophora aeneipes",0.28,"Decachaetophora aeneipes",273840000
"1487","Arthropoda","Insecta","Diptera","Sepsidae","Dicranosepsis sp. 1",0.24,"Dicranosepsis sp. 1",234720000
"1488","Arthropoda","Insecta","Diptera","Sepsidae","Dicranosepsis sp. 2",0.27,"Dicranosepsis sp. 2",264060000
"1489","Arthropoda","Insecta","Diptera","Sepsidae","Meropliosepsis sexsetosa",0.63,"Meropliosepsis sexsetosa",616140000
"1490","Arthropoda","Insecta","Diptera","Sepsidae","Meroplius alberquerquei",0.16,"Meroplius alberquerquei",156480000
"1491","Arthropoda","Insecta","Diptera","Sepsidae","Meroplius sauteri",0.18,"Meroplius sauteri",176040000
"1492","Arthropoda","Insecta","Diptera","Sepsidae","Microsepsis armillata",0.19,"Microsepsis armillata",185820000
"1493","Arthropoda","Insecta","Diptera","Sepsidae","Microsepsis furcata",0.19,"Microsepsis furcata",185820000
"1494","Arthropoda","Insecta","Diptera","Sepsidae","Microsepsis mitis",0.19,"Microsepsis mitis",185820000
"1495","Arthropoda","Insecta","Diptera","Sepsidae","Nemopoda nitidula",0.2,"Nemopoda nitidula",195600000
"1496","Arthropoda","Insecta","Diptera","Sepsidae","Orygma luctuosum",0.46,"Orygma luctuosum",449880000
"1497","Arthropoda","Insecta","Diptera","Sepsidae","Paratoxopoda similis",0.22,"Paratoxopoda similis",215160000
"1498","Arthropoda","Insecta","Diptera","Sepsidae","Perochaeta dikowi",0.3,"Perochaeta dikowi",293400000
"1499","Arthropoda","Insecta","Diptera","Sepsidae","Sepsis biflexuosa",0.27,"Sepsis biflexuosa",264060000
"1500","Arthropoda","Insecta","Diptera","Sepsidae","Sepsis cynipsea",0.21,"Sepsis cynipsea",205380000
"1501","Arthropoda","Insecta","Diptera","Sepsidae","Sepsis dissimilis",0.22,"Sepsis dissimilis",215160000
"1502","Arthropoda","Insecta","Diptera","Sepsidae","Sepsis flavimana",0.27,"Sepsis flavimana",264060000
"1503","Arthropoda","Insecta","Diptera","Sepsidae","Sepsis fulgens",0.26,"Sepsis fulgens",254280000
"1504","Arthropoda","Insecta","Diptera","Sepsidae","Sepsis lateralis",0.29,"Sepsis lateralis",283620000
"1505","Arthropoda","Insecta","Diptera","Sepsidae","Sepsis latiforceps",0.27,"Sepsis latiforceps",264060000
"1506","Arthropoda","Insecta","Diptera","Sepsidae","Sepsis neocynipsea",0.22,"Sepsis neocynipsea",215160000
"1507","Arthropoda","Insecta","Diptera","Sepsidae","Sepsis nitens",0.32,"Sepsis nitens",312960000
"1508","Arthropoda","Insecta","Diptera","Sepsidae","Sepsis niveipennis",0.18,"Sepsis niveipennis",176040000
"1509","Arthropoda","Insecta","Diptera","Sepsidae","Sepsis orthocnemis",0.25,"Sepsis orthocnemis",244500000
"1510","Arthropoda","Insecta","Diptera","Sepsidae","Sepsis punctum",0.27,"Sepsis punctum",264060000
"1511","Arthropoda","Insecta","Diptera","Sepsidae","Sepsis secunda",0.26,"Sepsis secunda",254280000
"1512","Arthropoda","Insecta","Diptera","Sepsidae","Sepsis thoracica",0.24,"Sepsis thoracica",234720000
"1513","Arthropoda","Insecta","Diptera","Sepsidae","Themira biloba",0.2,"Themira biloba",195600000
"1514","Arthropoda","Insecta","Diptera","Sepsidae","Themira lucida",0.15,"Themira lucida",146700000
"1515","Arthropoda","Insecta","Diptera","Sepsidae","Themira superba",0.19,"Themira superba",185820000
"1516","Arthropoda","Insecta","Diptera","Sepsidae","Thermia putris",0.17,"Thermia putris",166260000
"1517","Arthropoda","Insecta","Diptera","Simuliidae","Prosimulium multidentatum",0.19,"Prosimulium multidentatum",185820000
"1518","Arthropoda","Insecta","Diptera","Stratiomyidae","Hermetia illucens",1.18,"Hermetia illucens",1154040000
"1519","Arthropoda","Insecta","Diptera","Syrphidae","Episyrphus balteatus",0.54,"Episyrphus balteatus",528120000
"1520","Arthropoda","Insecta","Diptera","Tephritidae","Rhagoletis pomonella",0.97,"Rhagoletis pomonella",948660000
